{"menu":[{"itemName":"SmallPizza","itemSize":"Small","itemPrice":"2.00","itemID":"1"},{"itemName":"MediumPizza","itemSize":"Medium","itemPrice":"3.00","itemID":"2"},{"itemName":"LargePizza","itemSize":"Large","itemPrice":"4.00","itemID":"3"},{"itemName":"ExtraLargePizza","itemSize":"ExtraLarge","itemPrice":"5.00","itemID":"4"},{"itemName":"ClassicCrust","itemSize":"","itemPrice":"0.00","itemID":"5"},{"itemName":"ThinCrust","itemSize":"","itemPrice":"0.00","itemID":"6"},{"itemName":"DeepDishCrust","itemSize":"","itemPrice":"0.00","itemID":"7"},{"itemName":"Hand-TossedCrust","itemSize":"","itemPrice":"0.00","itemID":"8"},{"itemName":"Onion","itemSize":"","itemPrice":"0.50","itemID":"9"},{"itemName":"Tomato","itemSize":"","itemPrice":"0.50","itemID":"10"},{"itemName":"Pineapple","itemSize":"","itemPrice":"0.50","itemID":"11"},{"itemName":"Sausage","itemSize":"","itemPrice":"0.50","itemID":"12"},{"itemName":"Ham","itemSize":"","itemPrice":"0.50","itemID":"13"},{"itemName":"Mushrooms","itemSize":"","itemPrice":"0.50","itemID":"15"},{"itemName":"GreenPepper","itemSize":"","itemPrice":"0.50","itemID":"16"},{"itemName":"Pepperoni","itemSize":"","itemPrice":"0.50","itemID":"17"},{"itemName":"Pepsi-Cola12oz","itemSize":"Small","itemPrice":"2.00","itemID":"18"},{"itemName":"MountainDew12oz","itemSize":"Small","itemPrice":"2.00","itemID":"19"},{"itemName":"DietPepsi12oz","itemSize":"Small","itemPrice":"2.00","itemID":"20"},{"itemName":"Aquafina12oz","itemSize":"Small","itemPrice":"2.00","itemID":"21"},{"itemName":"SierraMist12oz","itemSize":"Small","itemPrice":"2.00","itemID":"22"},{"itemName":"Pepsi-Cola20oz","itemSize":"Medium","itemPrice":"3.00","itemID":"23"},{"itemName":"MountainDew20oz","itemSize":"Medium","itemPrice":"3.00","itemID":"24"},{"itemName":"DietPepsi20oz","itemSize":"Medium","itemPrice":"3.00","itemID":"25"},{"itemName":"Aquafina20oz","itemSize":"Medium","itemPrice":"3.00","itemID":"26"},{"itemName":"SierraMist20oz","itemSize":"Medium","itemPrice":"3.00","itemID":"27"},{"itemName":"Pepsi-Cola2L","itemSize":"Large","itemPrice":"6.00","itemID":"28"},{"itemName":"MountainDew2L","itemSize":"Large","itemPrice":"6.00","itemID":"29"},{"itemName":"DietPepsi2L","itemSize":"Large","itemPrice":"6.00","itemID":"30"},{"itemName":"Aquafina2L","itemSize":"Large","itemPrice":"6.00","itemID":"31"},{"itemName":"SierraMist2L","itemSize":"Large","itemPrice":"6.00","itemID":"32"}]}